Acyuta Priya Das,https://a108.net/uploads/img/Achyuta_Priya_das.jpg,"2023 — Started teaching Bhaktivedanta course. Member of the ISKCON Ukraine Marriage Board for 25 years. Active in PR connections for media, government, ..."
Advaita Acharya Das,https://i.ytimg.com/vi/p4cspb7Cb1s/hq720.jpg?sqp=-oaymwEhCK4FEIIDSFryq4qpAxMIARUAAAAAGAElAADIQj0AgKJD&rs=AOn4CLBbWK69f-Kf_ReSmV1MRFqo9XpiWA,"My beloved husband, the British devotee His Grace Adwaita Acharya Das (Alan Hole), departed on July 9th."
Adikarta Das,https://i.ytimg.com/vi/iEUA8bSj4rk/mqdefault.jpg,✨Join the divine wave of devotion!✨ ISKCON Ghaziabad invites you for the Harinam Maha Nagar Sankirtan – 8th to 11th Sept. Let's fill the streets with the ...
Asita Krishna Swami,https://asitakrishnaswami.com/wp-content/uploads/elementor/thumbs/WhatsApp-Image-2023-09-06-at-9.02.20-AM-1-qdjb7ov66mnk2l3ib8y6q7rcegullaah9gb9pxo9hk.jpeg,"Asita Krishna Swami is a Gaudiya Vaishnava sannyasi, initiating spiritual master and leader of the International Society for Krishna Consciousness (ISKCON)."
Atmanivedana Swami,https://i.ytimg.com/vi/TdRpSnMbIWg/hq720.jpg?sqp=-oaymwEXCK4FEIIDSFryq4qpAwkIARUAAIhCGAE=&rs=AOn4CLBoBUKKbzhigjfVfoSChgDRI5ATnA,"Atmanivedana Swami has been an initiating guru in ISKCON since 2013 and is presently involved in a project in Narsingapur District MP, India."
Bhakti Ananda Haridas Goswami,https://i1.sndcdn.com/artworks-hdYsge1jaKhib9Bi-jyFk5w-t500x500.jpg,"His Holiness Bhakti Ananda Haridas Goswami Maharaj's first initiation program was held on 10/07/2025, Guru Purnima , in ISKCON Manipur Temple."
Bhakti Anugraha Janardana Swami,https://i1.sndcdn.com/artworks-zVBBxjzdfUZL7Lzp-gq1pig-t500x500.jpg,"The official website of His Holiness Bhakti Anugraha Janardana Swami - ISKCON spiritual leader, teacher, and guide on the path of bhakti-yoga."
Bhakti Asraya Vaisnava Swami,https://i1.sndcdn.com/artworks-000138131603-7686ss-t500x500.jpg,"Living life through scriptures · HH Bhakti Ashraya Vaisnava Swami, appeared in the year 1961. He came in contact with teaching of His Divine Grace A.C. ..."
Bhaktivaibhava Swami,https://iskconsannyasa.com/public/admin/SannyasaMinistry/6051690619370.jpg,Bhaktivaibhava Swami finished his studies and joined the Hare Krishna movement in 1970. The following year he was initiated by Srila Prabhupada.
Bhakti Bhagavatamrita Kesava Swami,"https://static.wixstatic.com/media/406c69_c2a8f1498ee040719dcbfc7c0707f5be~mv2.jpg/v1/crop/x_0,y_108,w_1360,h_1359/fill/w_280,h_280,al_c,q_80,usm_0.66_1.00_0.01,enc_avif,quality_auto/10549023_252146194992260_215097959606041.jpg","Welcome to the official website of His Holiness S.B. Keshava Swami, a teacher, author and traveler - inspired to share wisdom that breathes."
Bhakti Bhrnga Govinda Swami,https://i1.sndcdn.com/artworks-000107790279-des9co-t500x500.jpg,"Bhakti Bhringa Govinda Swami joined the Krishna consciousness movement in Buffalo, NY in 1971 and received initiation from Srila Prabhupada later that year."
Bhakti Caitanya Swami,https://iskconsannyasa.com/public/admin/SannyasaMinistry/3381690619412.jpg,"He is a member of its Governing Body Commission and is the leader of ISKCON in South Africa, the Baltic states and Russia. Bhakti Chaitanya Swami. Personal life."
Bhakti Carudesna Swami,https://i.ytimg.com/vi/96NhP0KxBl4/hq720.jpg?sqp=-oaymwEhCK4FEIIDSFryq4qpAxMIARUAAAAAGAElAADIQj0AgKJD&rs=AOn4CLC5JDWOdoTx33uPkqukvN4bCwPXfA,His Holiness Bhakti Carudesna Swami Maharaja. 7554 likes. Bhakti Carudesna Swami is a traveling preacher and a Sannyasa in ISKCON.
Bhakti Dayita Adipurusha Swami,https://i.ytimg.com/vi/ptDaRm5LTnM/hq720.jpg?sqp=-oaymwEhCK4FEIIDSFryq4qpAxMIARUAAAAAGAElAADIQj0AgKJD&rs=AOn4CLC4cKYCV-BSwZoPyStkkdjwJSxe_w,Bhakti Dayita Adipurusha Swami GGS (BDAS); Bhakti Dhira Damodara Swami BTS ... Devotees in ISKCON are free to approach any ISKCON devotee in good ...
Bhakti Dhira Damodara Swami,https://mayapurinstitute.org/public/teacherimages/BDDS.jpg,His Holiness Bhakti Dhira Damodara Swami is the first African sannyasi (cardinal) and guru (spiritual master) of the International Society of Krishna ...
Bhakti Gaurava Narayan Swami,https://yt3.googleusercontent.com/Xl35QIcN0zcbO-ov_b0HWci7pKDhOgjJaNegdL8xADJWjQRJsz5m6cmu0C8bav4fgMDaw-e2jw=s900-c-k-c0x00ffffff-no-rj,Sri Radhaashtmi Lecture-Vrindavan| HH. Bhakti Gaurav Narayan Swami Maharaja|06-09-2019 · Popular videos · Videos · Past live streams · Multiple playlists.
Bhakti Gauravani Goswami,https://iskconsannyasa.com/public/admin/SannyasaMinistry/4591690619350.jpg,Bhakti Gauravani Goswami is the president of the New Vrajamandala farm community and the Euro RGB Commissioner for ISKCON's activities in Spain.
Bhakti Prabhava Swami,https://i1.sndcdn.com/artworks-000123784122-0l03kf-t500x500.jpg,"Bhakti Prabhava Swami, born in Brussels in Belgium, in 1960, met devotees in Ghent in the summer of 1992. From 1992 to 1996 he was active in Nama Hatta ..."
Bhakti Prabhupada-vrata Damodara Swami,https://cdn.tovp.org/wp-content/uploads/2015/02/bhakti_prabhupada_vrata_damodar_swami_speaks_about_tovp.jpg.webp,His Holiness Bhakti Prabhupada-vrata Damodar Swami Speaks About the TOVP. Maharaja has been observing the progress in the construction of the TOVP over the ...
Bhakti Pran Gopinath Swami,https://audio.iskcondesiretree.com/02_-_ISKCON_Swamis/ISKCON_Swamis_-_A_to_C/His_Holiness_Bhakti_Prana_Gopinath_Swami/_folderOpenImage.jpg,His Holiness Bhakti Prana Gopinath Swami Maharaj was born in Tihidi in Bhadrak district of Odisha in the year 1956.He was helping His Holiness Goura Govinda ...
Bhakti Prema Swami,https://yt3.googleusercontent.com/S1g_DqB3PBCvdEriW34BwGuLfYDWLr2_efMGVHWuEvo7Rct_JSKIjkJfmDEbBIz6eMjjxS1-ow=s900-c-k-c0x00ffffff-no-rj,"His Holiness Bhakti Prema Swami was born on 31st December 1967, came in contact with ISKCON in 1994 and joined as a full-time devotee in 1995 in Mayapur. He ..."
Bhakti Raghava Swami,https://bhaktiraghavaswami.com/wp-content/uploads/2018/11/BRS.jpg,"From 1974 to 1976 he served at the ISKCON Ottawa temple. From 1976 to 1992, Maharaja lived in India, pioneering the New Bhakta Program and the Nama Hatta ..."
Bhakti Ratnakara Ambarisa Swami,https://i.ytimg.com/vi/BOvOynJDUiI/sddefault.jpg,"Initiated in Mayapur during Gaur Purnima in 1992, Swami Ambarish received his second initiation in 1994. For 25 years, he dedicated his efforts ..."
Bhakti Sundar Goswami,https://i1.sndcdn.com/artworks-000123312045-ueheev-t500x500.jpg,All classes by HH Bhakti Sundar Goswami. Home. Shorts ... ISKCON San Diego Live TV.
Bhakti Vasudeva Swami,"https://static.wixstatic.com/media/d69682_a370e8fb26c84fda95d8714cb4e827e6~mv2.jpg/v1/fill/w_280,h_280,al_c,q_80,usm_0.66_1.00_0.01,enc_avif,quality_auto/Bhakti_Vasudeva_Swami_JPG.jpg","H.H. Bhakti Vasudeva Swami holds a Ph.D. in Applied Management and Decision Sciences from Walden University, in Minneapolis, USA. Globally, he is the first ..."
Bhakti Vijnana Goswami,https://upload.wikimedia.org/wikipedia/commons/2/23/%D0%91%D1%85%D0%B0%D0%BA%D1%82%D0%B8_%D0%92%D0%B8%D0%B3%D1%8C%D1%8F%D0%BD%D0%B0_%D0%93%D0%BE%D1%81%D0%B2%D0%B0%D0%BC%D0%B8.jpg,Bhakti Vijnana Goswami is one of the leaders of ISKCON in Russia and is working tirelessly towards establishing a large new temple in Moscow.
Bhakti Vikasa Swami,https://i.gr-assets.com/images/S/compressed.photo.goodreads.com/authors/1328109996i/4300129.jpg,His Holiness Bhakti Vikāsa Swami appeared in this world in 1957 in England. He joined the International Society for Krishna Consciousness (ISKCON) in London ...
Bhaktivyasa Tirtha Swami,https://upload.wikimedia.org/wikipedia/commons/c/c0/Bhakti_Tirtha_Swami.jpg,"In ISKCON he was a respected sannyasi, a monk in the renounced order of life, and a guru, with disciples of his own. He was the world's first Afro-American ..."
Bhakti VV Narasimha Swami,https://i.ytimg.com/vi/vMd7bUhx_BU/sddefault.jpg?v=69a4f60f,Bhakti Vighna Vinasa Narasimha Maharaja was initiated by Srila Prabhupada in London in 1971. A year later he received second initiation.
Bhakti-bhusana Swami,https://iskconnews.org/media/images/2020/05-May/bbsw.png,"He gives discourses in Spanish, German and English languages and is an initiating spiritual master within ISKCON. Bhakti Bhusana Swami joined the GBC in 1987."
Bhaktimarga Swami,https://thedasca.files.wordpress.com/2020/07/f88d4-photo_1859065_resize_article.jpg,"Bhaktimarga Swami served ISKCON as Bhakta leader, Sankirtan leader, director of devotional plays, and from 1985-1995 he was the temple president in Toronto."
Bhaktipada Goswami,https://upload.wikimedia.org/wikipedia/en/8/86/Kirtanananda_Swami_-_1982.jpg,"Kirtanananda Swami also known as Swami Bhaktipada, was a Gaudiya Vaishnava guru, the co-founder of New Vrindaban, a Hare Krishna community in Marshall ..."
Bhurijana Das,https://bhurijanadasa.com/wp-content/uploads/2020/12/bhurijan-prabhu-lecture.jpg,Inspired by the life and work of His Divine Grace AC Bhaktivedanta Swami Prabhupada. Founder-acharya of the International Society for Krishna Consciousness.
Bir Krsna Das Goswami,https://i.ytimg.com/vi/RCi1ILUzY8Q/hq720.jpg?sqp=-oaymwE7CK4FEIIDSFryq4qpAy0IARUAAAAAGAElAADIQj0AgKJD8AEB-AH-CYAC0AWKAgwIABABGH8gPygeMA8=&rs=AOn4CLAiScjOrU08YDQ2MJSDlDOuClCfFQ,"Bir Krishna Goswami. 9998 likes · 96 talking about this. Official page of Bir Krishna Goswami, a monk and musician (page managed by BKG Media Team)"
Caitanya Avatari Das,https://media.licdn.com/dms/image/v2/C4E03AQHgrjJPwbzEtw/profile-displayphoto-shrink_200_200/profile-displayphoto-shrink_200_200/0/1624087537319?e=2147483647&v=beta&t=tzTDxlmL5uiP4qziyr8KYQ9h3SRkkdXDUrtKijhiq1M,ISKCON's Congregational Development Ministry as a tool and source of inspiration to support devotees worldwide in congregational preaching.
Caitanya Candra Caran Das,https://iskconnews.org/media/images/2020/09-Sep/ccc1.png,Chaitanya Chandra Charan Das is a Russian Hindu Vaishnavite religious figure and preacher; guru and member of the Governing Council of the International ...
Candra Mukha Swami,https://i1.sndcdn.com/avatars-000250942395-0x1aaa-t500x500.jpg,"Brazil. images. Candra Mukha Swami — Brazil. His Holiness Chandra Mukha Swami Maharaja. Born 1957, Dracena, São Paulo, Brazil – ISKCON ..."
Candramauli Swami,https://iskconboston.org/sites/default/files/people_photo/candramauli_swami-220_0.jpg,As prison minister for ISKCON HH Candramauli Swami is actively involved in prison preaching programs and guiding prisoners interested in Krishna consciousness.
Caru Das,http://utahkrishnas.org/wp-content/uploads/2009/07/caruinterview.png,"In addition to founding the temples, Caru also founded Krishna Radio (KHQN) and Utah Holi. He headed the Holi Festival of Colors celebrations in ..."
Danavir Goswami,https://iskconboston.org/sites/default/files/field/image/DanavirGoswami.jpg,"Your family is setting a very nice example for other devotee families to follow. Namely peacefully conducting family life, regularly attending local ISKCON ..."
Dayavan Swami,https://a108.net/uploads/img/Dayavan_Swami.jpg,"Two new Russian sannyasis in GBC ISKCON. Nirajana Swami initiated two sannyasi candidates, now Dayavan Swami (right hand) and Adhokshaji Swami."
Devakinandan Das,https://yt3.googleusercontent.com/dUBtHFQewnCEn2xTfXyWgbnqlFavxiwbAhoqBFTXXyCa226UavGelk8Mn5VLvfW_v7zMdueRxdw=s900-c-k-c0x00ffffff-no-rj,"ISKCON Kanpur's Farm Project! Bhaktivedanta Vaibhav Gaushala, Unnao, U.P. Protecting the Cow Means Saving the Earth and Preserving Sanātana Culture."
Devamrita Swami,https://i1.sndcdn.com/artworks-000104724727-59fapp-t500x500.jpg,"In 1982 Devamrita Swami took sannyas initiation and in 2002 began serving as an initiating spiritual master in ISKCON. His background in the BBT, especially ..."
Dhanvantari Swami,https://i.imgur.com/60OvBdo.jpg,"Some of you may know that several years ago, in Northeast Brazil, Dhanvantari Swami established one of ISKCON's most successful educational institutes."
Dhirasanta Das Goswami,http://dhirasantagoswami.com/wp-content/uploads/2016/04/Dhirasanta-das-Goswami.jpg,"Official site of Dhirasanta das Goswami Maharaj, disciple of A.C. Bhaktivedanta Swami Prabhupada founder-acarya of the International Society for Krishna ..."
Drutakarma Das,https://iskconboston.org/sites/default/files/people_photo/cremo.jpg,"Michael Cremo (aka Drutakarma Das), is on the cutting edge of science and culture issues. In the course of a few month's time he might be found on pilgrimage."
Gauranga Prem Swami,https://srimayapurdhama.com/wp-content/uploads/2025/05/HH-Gouranga-Prem-Swami.jpeg,Gauranga Prem Swami. 19037 likes · 764 talking about this. He is one of the ISKCON Initiation spiritual Master & Chief Regional Director of ISKCON ...
Giridhari Swami,https://i1.sndcdn.com/artworks-000058964974-vbihjv-t500x500.jpg,Giridhari Swami joined the GBC in 1996. He became GBC chairman in 2002. Copyright © 2026 International Society for Krishna Consciousness - Website of the ...
Gopaswami Das,https://i.ytimg.com/vi/xTEC_yJgrlM/hq720.jpg?sqp=-oaymwE7CK4FEIIDSFryq4qpAy0IARUAAAAAGAElAADIQj0AgKJD8AEB-AH-CYAC0AWKAgwIABABGGUgTyg8MA8=&rs=AOn4CLD1Z076lcm7J0HK0kffOVEF5_oeIQ,ISKCON Mayapur Temple is considered a significant pilgrimage site for followers of ISKCON and devotees of Radha and Krishna. It attracts ...
Guru Prasad Swami,https://i.ytimg.com/vi/KbrJg6w9FU4/hq720.jpg?sqp=-oaymwE7CK4FEIIDSFryq4qpAy0IARUAAAAAGAElAADIQj0AgKJD8AEB-AH-CYAC0AWKAgwIABABGH8gEyhGMA8=&rs=AOn4CLB0R0zQ7Cx-sjvhfWLojjwdnEgU7A,Guru Prasad Swami's early contribution in ISKCON Costa Rica centered on administrative services and distributing BBT publications beginning in 1975 in the ...
Haladhara Swami,https://yt3.googleusercontent.com/NSL1JHShSlnZxIgzgjp1pXgdzrpj4Mepy2mGg1RlqKRHIT1GzZ-Q0Fky-zqPZSS92OUB3XZv=s900-c-k-c0x00ffffff-no-rj,"Welcome to the website and travel program tracker of His Holiness Haladhara Swami Maharaja, a dedicated disciple of Srila Goura Govinda Swami Maharaja."
Hanumatpresaka Swami,https://i1.sndcdn.com/artworks-000198376782-j9o31u-t500x500.jpg,"His Holiness Hanumat Presak Swami Guru Maharaj, was a Srilo A.C Bhakti Vedanta Swami Prabhupada 's diciple, ISKCON Monk , Authentic Spiritual Master (Sàdguru) ..."
Harivilas Das,http://www.harivilasdas.com/wp-content/uploads/2019/12/HHHVMaharaj.jpg,"His Holiness Harivilas Maharaj was born in Philadelphia January 5, 1946. He graduated from University of Pennsylvania in 1968."
Hrdayananda dasa Goswami,https://upload.wikimedia.org/wikipedia/commons/7/78/Hridayananda_Goswami_at_Universidade_Lusofona_in_Lisbon_2017.jpg,"is an American Vaishnava leader and preacher, one of the leading spiritual leaders of the International Society for Krishna Consciousness (ISKCON)"
Indradyumna Swami,https://media.licdn.com/dms/image/v2/C5603AQFNAZVxvqg_xA/profile-displayphoto-shrink_200_200/profile-displayphoto-shrink_200_200/0/1516680504121?e=2147483647&v=beta&t=TPIbfrckJJND742JxkOZv8TyCj7Sk4TfZ67XHzedUy8,"Indradyumna Swami travels around the world, spreading Krishna consciousness through lectures and large-scale kirtan and festival events."
Janananda dasa Goswami,https://i1.sndcdn.com/artworks-000128037850-wyfzyh-t500x500.jpg,HH Janananda das Goswami is a beloved and respected figure in the International Society for Krishna Consciousness (ISKCON).
Jayadvaita Swami,https://iskconboston.org/sites/default/files/people_photo/jayadvaita-swami.jpg,"He served as a trustee for the Book Trust from 1988 through 2017. He has been described as ""one of ISKCON's most independent-minded and respected thinkers."" ..."
Jayapataka Swami,https://www.jayapatakaswami.com/wp-content/uploads/2021/07/jps.jpeg,"In 2004 he was one of the initiating spiritual masters, (ISKCON Gurus), a member of the Governing Body Commission (GBC), and a divisional trustee for the ..."
Jivananda Das,"https://static.wixstatic.com/media/9ce9e8_2d5e9649ac6c44e69af177947c25e718~mv2.png/v1/fill/w_640,h_400,al_c,q_85,usm_0.66_1.00_0.01,enc_avif,quality_auto/9ce9e8_2d5e9649ac6c44e69af177947c25e718~mv2.png","As a traveling monk since 2005, His Grace Jivananda dasa Vanacari has been engaged in ministering to the spiritual welfare of human society. Out of so many ..."
Kalakantha Das,https://schoolofbhakti.com/wp-content/uploads/2024/06/kalakantha-das.jpg,"Over his ten-year brahmacari career he distributed books on the BBT Library Party, served as the Bhakta leader in ISKCON Los Angeles, and opened a college ..."
Kavicandra Swami,https://i1.sndcdn.com/artworks-000112869319-c2zp7e-t500x500.jpg,"Kavichandra Swami met the Hare Krishna devotees in 1967 and was initiated by Srila Prabhupada in 1971. He joined the temple in Tucson, Arizona."
Kesava Bharati dasa Goswami,https://i1.sndcdn.com/artworks-000331956471-jjdpti-t500x500.jpg,"Kesava Bharati Dasa Goswami has dedicated his life to teaching the science of bhakti-yoga. He has traveled extensively, having lived in eight countries."
Kratu Das,https://media.licdn.com/dms/image/v2/C4D03AQGOFSnmOlmM3w/profile-displayphoto-shrink_200_200/profile-displayphoto-shrink_200_200/0/1641129388173?e=2147483647&v=beta&t=OMh3Ws8hcbORXf9C0d9TDVegpV8DaVeGB4f1rOawrm4,Shriman Kratu Das Adhikari is one of the most respected and beloved Guru/ Spiritual Master in ISKCON (International Society of Krishna Consciousness) in the ...
Kripamoya Das,https://www.kripamoya.com/wp-content/uploads/2020/04/About-2.jpg,"Kripamoya Das is an initiated disciple of His Divine Grace A.C.Bhaktivedanta Swami Prabhupada, the spiritual teacher who created the Hare Krishna movement ..."
Krsna Ksetra Swami,https://mcpa.iskcon.org/wp-content/uploads/2019/08/Board4.jpg,"Krishna Kshetra Swami – teacher, writer, and traveller – is a disciple of His Divine Grace A.C. Bhaktivedanta Swami ... Krishna Consciousness (ISKCON)."
Lokanath Swami,https://yt3.googleusercontent.com/2crm8N1wgz2ZOfb5CEKmZHDO2z97VwkG5tMQkqTwQ4NnaxDdzxlnCA6nqeVOBaryYh2n920c=s900-c-k-c0x00ffffff-no-rj,"This is the official channel of His Holiness Lokanath Swami Maharaj, a senior ISKCON guru and disciple of Srila Prabhupada. ...more"
Madana-mohana Das,https://yoga.krishna.com/2013/08-Aug/images/btg475p46rajasthan.jpg,"But Madana-Mohana was ISKCON's first deity, even if He had to wait until the early 70s to receive appropriate veneration. The installation ..."
Madan Gopal Das,https://i.ytimg.com/vi/TwzyZQjdYlM/maxresdefault.jpg,"Madana-gopāla Dāsa is an ISKCON leader who serves in management, communications and fund development. He is a kirtan and japa enthusiast,"
Madhu Sevita Das,https://eurorgb.org/wp-content/uploads/2022/06/Madhu-Sevita-d.jpg,"Madhusevita Dasa joined in Katmandu, Nepal in 1973 and was initiated by Srila Prabhupada in 1974. From the very beginning his contribution to ISKCON has ..."
Mahadyuti Swami,https://i.ytimg.com/vi/iRy989XehK4/sddefault.jpg?v=666e95c5,"Disciple of His Divine Grace A. C. Bhaktivedanta Swami Prabhupada, Founder-Acharya of ISKCON, preaching more than 53 years. Initiating Guru in ISKCON."
Mahaman Das,https://iskconrau.com/wp-content/uploads/2022/02/Mahaman.png,"Currently he is an ISKCON appointed official Manager of an Extension Centre ,ISKCON Rau, Indore taking care of all activities in the Centre."
Mahaprabhu Swami,https://upload.wikimedia.org/wikipedia/commons/e/ea/Chaitanya_Mahaprabhu_in_Dhameswar_Mahaprabhu_temple_6.jpg,Mahaprabhu founded Gaudiya Vaishnavism. He expounded Bhakti yoga and popularised the chanting of the Hare Krishna Maha-mantra. ... He composed the Shikshashtakam ...
Mahatma Das,https://yt3.googleusercontent.com/ytc/AIdro_leoxgZVkbaLibg8-yIdwnlMppb6bGQKxPFESIfP8NG6epO=s900-c-k-c0x00ffffff-no-rj,"Welcome to the website of HG Mahatma Das. Browse, read, benefit and share the spiritual newsletters, audios, letter excerpts, poems, articles & much more."
Mahavisnu Swami,http://iskcondwarkadham.com/wp-content/uploads/2023/11/download.jpg,"His Holiness Mahavishnu Swami appeared in this world on 10 February 1945, in Birmingham, UK. He entered the Bath Academy of Art at age 19, and graduated with ..."
Mani Bandha Das,https://i.ytimg.com/vi/hCdOy4do8Lo/maxresdefault.jpg,"For many devotees, the first encounter with Manibandha was in Calcutta in the early 1970s. The temple there at Albert Road did not have ..."
Manonatha Das,https://www.isvara.org/archive/wp-content/uploads/2022/06/PHOTO-2025-10-08-12-11-32.jpg,"For those who do not know me, I am a Prabhupada's disciple, an Iskcon initiating spiritual master and I am engaged in service in Latin America. These are ..."
Matsya Avatara Das,https://i.ytimg.com/vi/08HbPBY7oTQ/maxresdefault.jpg,"Thirty-eight years ago, on 30 August 1976, for the first time I met Shrila Prabhupada in a personal darshanai it was a turning point of my ..."
Medhavi Das,https://i.ytimg.com/vi/og3N1qrkQqo/maxresdefault.jpg,"Honoring Srila Prabhupada on His Disappearance Day Today, we gather with hearts full of gratitude and reverence to honor His Divine Grace A.C. Bhaktivedanta ..."
Narayani Devi Dasi,https://narayanidasi.net/wp-content/uploads/2020/08/narayanidasi01.jpg,"Joined ISKCON in Boston in 1970. She has done many services, including Deity worship in Calcutta temple, traveling book distribution in for the Bombay temple, ..."
Navayogendra Swami,https://navayogendraswami.com/wp-content/uploads/2025/05/home-nys-navayogendraswami.webp,His Holiness Nava Yogendra Swami ji Maharaj is one of the foremost disciple of HDG A.C. Bhaktivedanta Swami Prabhupada. He hails from a royal family of Raj ...
Niranjana Swami,https://iskconboston.org/sites/default/files/people_photo/niranjana-swami_0.jpg,"Devoted to assisting others on this path, Niranjana Swami is also an initiating spiritual master in ISKCON. His home base is Kiev, Ukraine. The management and ..."
Partha Sarathi Das Goswami,https://yt3.googleusercontent.com/-6ppaYLMjYh0E4zNp7VFmUGCYxiHztNAb_nZrJCmERnElolodN5ss3ssFEZ1hvAqPSd0xPsuU6M=s900-c-k-c0x00ffffff-no-rj,"His Holiness Pārtha Sārathi Das Goswami, was born in Suffolk, England, 19 November 1952. During his studies, Maharaja had been endowed with the mercy of ..."
Patita Pavana Das,https://i.ytimg.com/vi/svbkN0sy3Uk/hqdefault.jpg?sqp=-oaymwEmCOADEOgC8quKqQMa8AEB-AH-BIAC4AOKAgwIABABGGUgVihGMA8=&rs=AOn4CLCyiozG0h1fHNQyJTXcSjU-oldNzg,Hare Krishna and Welcome to ISKCON Desire Tree Multimedia social network of The International Society for Krishna Consciousness (ISKCON)
Prabodhananda Saraswati Swami,https://i1.sndcdn.com/artworks-000117416649-054aiw-t500x500.jpg,HH Prabodhananda Saraswati Maharaj - ISKCON Leaders
Prahladananda Swami,http://www.vitarama.eu/pic/item/view/prahladananda-swami_137.jpg,"After experiencing a spiritual awakening, Prahladananda Swami joined ISKCON in 1968. He was at that time a student at the State University of New York (Buffalo) ..."
Purushatraya Swami,https://i.ytimg.com/vi/uujw6NRWE5g/maxresdefault.jpg,Direct disciple of Srila Prabhupada On monastic life since 1976 Studious of the Vedas and Sanskrit ⛰️ Leader of @ecovila.goura project Writer.
Radhacaran Das,"https://static.wixstatic.com/media/406c69_1656062defbf46ac86c82d93bd54cd73~mv2.jpg/v1/fill/w_280,h_280,al_c,q_80,usm_0.66_1.00_0.01,enc_avif,quality_auto/43950357_10217323948671396_3289635028190.jpg","Radha Raman Das, the Vice President of ISKCON, reacts to the recent rejection of the bail plea of Chinmoy Krishna Das Brahmachari, ..."
Radha Govinda Das,https://schoolofbhakti.com/wp-content/uploads/2020/02/teacher_radhagovinda.jpg,"HH Radha Govind Das Goswami Maharaj is direct disciple of Srila Prabhupada founder acharya of ISKCON, get acces to all his Shrimad Bhagavat katha here."
Radha Govinda Swami,https://www.lalgovinddas.com/wp-content/uploads/2018/08/Radha_Govinda_Swami_-_016.jpg,"H.H. Radha Govinda Swami, a direct disciple of His Divine Grace A.C. Bhaktivedanta Swami Prabhupada, founder of ISKCON (International Society for Krishna ..."
Radha Krishna Das,https://i.ytimg.com/vi/UFjuFR5eG-Q/hq720.jpg?sqp=-oaymwEhCK4FEIIDSFryq4qpAxMIARUAAAAAGAElAADIQj0AgKJD&rs=AOn4CLBSz5BWdnA_cTsMa2Wa4d0CtAkrgQ,"Radha Krishna Das is the GBC secretary for Hungary, Romania, Turkey and Cyprus as well as the co-GBC for Greece, North Macedonia and Israel."
Radhanath Swami,https://iskcongev.com/wp-content/uploads/2022/01/Radhanath-Swami-Closeup.jpg,"He is the inspiration behind ISKCON's free midday meal for 1.2 million school kids across India, and he has been instrumental in founding the Bhaktivedanta ..."
Rama Govinda Swami,https://i.ytimg.com/vi/VY0Uo5P62VY/hq720.jpg?sqp=-oaymwEXCK4FEIIDSFryq4qpAwkIARUAAIhCGAE=&rs=AOn4CLCO8gZeJ3XgUuP6Qk3hWhNFRnaHjw,"In May 1998, he was appointed as Temple President of ISKCON BOTSWANA and continued in that position till In Feb, 2008 he resigned as Temple President so that he ..."
Ravindra Svarupa Das,https://iskconboston.org/sites/default/files/rsprabhu.jpg,"He was initiated by A. C. Bhaktivedanta Swami Prabhupada in 1971. He has been a member of ISKCON's Governing Body Commission since 1987, Chairman of that ..."
Revati Raman Das,https://i1.sndcdn.com/artworks-000244653216-8jkd09-t500x500.jpg,Revathi Raman Das was born in a Sri Vaishnava family. He studied engineering in Bangalore. He first came in contact with ISKCON in 1988 through Srila ...
Romapada Swami,https://upload.wikimedia.org/wikipedia/commons/d/dd/Romapada.JPG,"In 1985, Romapada Swami became an official initiating spiritual teacher within ISKCON. · Romapada Swami's focus is to ensure that everyone has the opportunity to ..."
Rtadhvaja Swami,https://i1.sndcdn.com/artworks-000674846251-mn1qqe-t500x500.jpg,"His Holiness Rtadhvaja Swami Maharaja was born and raised in a rural farming community in North Dakota, U.S.A. His first encounter with the devotees was in 1972 ..."
Sacinandana Swami,https://upload.wikimedia.org/wikipedia/commons/5/5b/Sacinandana_Swami_at_Santiago_de_Compostela.JPG,Our whole life becomes one big spiritual adventure when we look beyond the veil of illusion. Follow Sacinandana Swami on his tours and travels and be inspired ...
Samik Rsi Das,https://i.ytimg.com/vi/4Rvr9D65nHY/maxresdefault.jpg,Samik Rishi prabhuji is a disciple of Srila Prabhupada. Being a doctor by profession he has done immense services to the devotee community.
Sankarsana Das,"https://static.wixstatic.com/media/56de2b_623a5d85a908407d9dc1c09fc6dc1911~mv2.jpg/v1/fill/w_320,h_373,al_c,q_80,usm_0.66_1.00_0.01,enc_avif,quality_auto/56de2b_623a5d85a908407d9dc1c09fc6dc1911~mv2.jpg",I am a practitioner and teacher of the science of Bhakti Yoga for 51 years. I am initiated disciple of His Divine Grace AC Bhaktivedanta Swami Prabhupada.
Satyadeva Das,https://i.ytimg.com/vi/icKcTRDNyP4/maxresdefault.jpg,"Know your spiritual progress by being present by HG Satyadev Das Recorded on 01-20-2019, ISKCON of Silicon Valley."
Sikhi Mahiti Das,https://i.ytimg.com/vi/_I6LaH9Igbc/hq720.jpg?sqp=-oaymwEhCK4FEIIDSFryq4qpAxMIARUAAAAAGAElAADIQj0AgKJD&rs=AOn4CLAmwKAsnzwpzR-r8VGSnfcl2F7RxA,Sikhi Mahiti das. @sikhimahiti. 13.3K subscribers•39 videos. More about this channel ...more ... ISKCON Philly Bhumi Puja 2015. Sikhi Mahiti das · Playlist.
Sivarama Swami,https://sivaramaswami.com/wp-content/uploads/2023/05/srs-homepage-2023-larger.png,"Sivarama Swami is an internationally acknowledged religious leader, theologian, author of 23 books and dozens of articles, and an environmental and human ..."
Smita Krsna Swami,https://mcpa.iskcon.org/wp-content/uploads/2019/08/Board2.jpg,"HH Smita Krishna Swami was born in Sweden in 1952. He joined ISKCON in 1970 in Hamburg, Germany and recieved spiritual initiation from His Divine Grace AC ..."
Sridhama Das,https://www.iskconbangalore.org/wp-content/uploads/2020/01/sridham-krishna-dasa-260x260.jpg,"Contact Us. ISKCON Sri Radha Krishna Temple Hare Krishna Hill, Chord Road, Rajajinagar, Bengaluru 560010, Karnataka, India. Phone: 08023471956. Email: connect@ ..."
Srivas Das,https://mayapurinstitute.org/public/teacherimages/DSCF3105.jpg,Śrīvās Das joined ISKCON in Africa in 1981 and got initiated in 1983. For the next several years he served as Temple President in different temples of ...
Subhaga Swami,https://iskconboston.org/sites/default/files/people_photo/SubhagSwami-sq.jpg,His Holiness has been based in Sridham Mayapur for last 40 years out of his 46 years in ISKCON. He is one of the present gurus and a prominent senior leader of ...
Sundarananda Das,https://www.krishnatemple.com/wp-content/uploads/2022/09/Mentor-Sundarananda.jpg,Sundarananda Das. Vice President. Vaikuntha_edited.jpg. Vaikuntha Das. Vice ... ISKCON Hawaii. Welcomes you! Get Involved. SIgn Up for our Newsletter. Stay ...
Sukadeva Swami,https://audio.iskcondesiretree.com/02_-_ISKCON_Swamis/ISKCON_Swamis_-_R_to_Y/His_Holiness_Sukadeva_Swami/_folderOpenImage.jpg,"... Sukadeva Swami has approached the South Indian Divisional Council for approval as an ISKCON initiating guru. He is originally from Andhra Pradesh, joined in ..."
Umapati Das,https://hktv.in/wp-content/uploads/2017/08/Umapati-Swami.jpg,"As Umapati Dasa is no longer an ISKCON spiritual authority or member, devotees of ISKCON should not promote Umapati Dasa as representing ISKCON ..."
Vaisesika Das,https://iskconboston.org/sites/default/files/people_photo/vaisesika1.jpg,Discover what inspired Vaisesika Dasa's spiritual journey as he recounts the pivotal moments that shaped his passion for sharing Bhakti Yoga with the world.
Varsana Swami,https://iskconnews.org/media/images/2020/10-Oct/varsana.png,"Welcome. With her every breath, our Mother Earth beckons us “listen, awaken, experience, and behold the magnificence of our Lord's creation”."
Vatsala Das,https://i.ytimg.com/vi/IuKo0JzJRRg/hqdefault.jpg?v=5e1d32da,"Vatsala: My friend Vatsara, he came to visit me in San Francisco, and we started going to different spiritual communities. By this time, I had ..."
Vasu Srestha Das,https://i.ytimg.com/vi/LUGUXUd43QI/hq720.jpg?sqp=-oaymwEhCK4FEIIDSFryq4qpAxMIARUAAAAAGAElAADIQj0AgKJD&rs=AOn4CLAdkyZ-X_NH_SntbGof3X3ffJi9lw,"Vasu Srestha Das Vasu Srestha Das, disciple of Jayapataka Swami, has completed the procedure for commencing the service of diksa-guru in ISKCON."
Vedavyasapriya Swami,https://i0.wp.com/www.vvpswami.com/wp-content/uploads/2024/09/image-1846.png?fit=800%2C800&ssl=1,"His Holiness Vedavyasapriya Swami Maharaja has dedicated his life to spreading the teachings of Krishna Consciousness. Through this app, we bring his wisdom, ..."
Virabahu Das,https://gbc.iskcon.org/wp-content/uploads/2011/12/virabahu-das.jpg,As one of the founding members of ISKCON in that country Virabahu Dasa arranged for the Yoga Society he was attending to become the initial ISKCON outreach ...
Yadunandana Swami,https://upload.wikimedia.org/wikipedia/commons/d/d0/Satsvarupa-das-goswami-yadunandana-swami.jpg,"Yadunandana Swami, Principal of Bhaktivedanta College, is the first Spanish second generation sannyasi of ISKCON. He was approved by ISKCON's GBC body, ..."
Yamunacarya Das Goswami,https://i.scdn.co/image/ab6765630000ba8aedf881f8435824462649f528,Yamunacarya Das Goswami é discípulo de Hridayananda Das Goswami e reconhecido na ISKCON Brasil por ser exímio conhecedor da filosofia e literatura védicas.